{"keymap_db_version":20,"app_version":118,"keymap_list":[{"actionList":[{"data":"play_pause_media_package","extras":[{"data":"com.maxmpz.audioplayer","id":"extra_package_name"}],"flags":0,"type":"SYSTEM_ACTION","uid":"9da36190-cc12-4333-a88b-7a7506f3dcfc"}],"constraintList":[],"constraintMode":1,"flags":0,"group_uid":"bc966dec-2c70-4c9c-a81d-1bef3e137e84","id":2,"isEnabled":true,"trigger":{"extras":[],"flags":0,"keys":[{"clickType":2,"deviceId":"841e5cb9c21c32169dbc6c43f045cb5073e6e94c","deviceName":"8BitDo Micro gamepad","flags":0,"keyCode":96,"uid":"54b1decd-c081-4729-b823-e37af51c5954"}],"mode":2},"uid":"4a942deb-816a-4c05-b321-b8b47a6a51b3"},{"actionList":[{"data":"previous_track","extras":[],"flags":0,"type":"SYSTEM_ACTION","uid":"1802b123-bf9e-4b61-8f06-48d4d256c119"}],"constraintList":[],"constraintMode":1,"flags":0,"group_uid":"bc966dec-2c70-4c9c-a81d-1bef3e137e84","id":3,"isEnabled":true,"trigger":{"extras":[],"flags":0,"keys":[{"clickType":0,"deviceId":"841e5cb9c21c32169dbc6c43f045cb5073e6e94c","deviceName":"8BitDo Micro gamepad","flags":0,"keyCode":104,"uid":"2db396ed-b05e-420f-8b6a-82f07642b114"},{"clickType":0,"deviceId":"841e5cb9c21c32169dbc6c43f045cb5073e6e94c","deviceName":"8BitDo Micro gamepad","flags":0,"keyCode":104,"uid":"ca868a89-a273-4e23-aa90-695488607be1"}],"mode":1},"uid":"85c23576-c208-4d93-a6c0-8b2086b8c6e4"},{"actionList":[{"data":"next_track","extras":[],"flags":0,"type":"SYSTEM_ACTION","uid":"f0e8561a-3468-4c61-a3a5-a15454be8c86"}],"constraintList":[],"constraintMode":1,"flags":0,"group_uid":"bc966dec-2c70-4c9c-a81d-1bef3e137e84","id":4,"isEnabled":true,"trigger":{"extras":[],"flags":0,"keys":[{"clickType":0,"deviceId":"841e5cb9c21c32169dbc6c43f045cb5073e6e94c","deviceName":"8BitDo Micro gamepad","flags":0,"keyCode":105,"uid":"d272a02e-b6cb-49b6-905c-e2363322bb1e"},{"clickType":0,"deviceId":"841e5cb9c21c32169dbc6c43f045cb5073e6e94c","deviceName":"8BitDo Micro gamepad","flags":0,"keyCode":105,"uid":"b42fe165-01e3-4f77-baa8-07903addfda7"}],"mode":1},"uid":"fb508819-b1e5-4859-ac03-bd3b02790912"},{"actionList":[{"data":"volume_down","extras":[],"flags":4,"type":"SYSTEM_ACTION","uid":"c3c49d64-65fe-451b-88f3-53882e94b816"}],"constraintList":[],"constraintMode":1,"flags":0,"group_uid":"bc966dec-2c70-4c9c-a81d-1bef3e137e84","id":5,"isEnabled":true,"trigger":{"extras":[],"flags":0,"keys":[{"clickType":0,"deviceId":"841e5cb9c21c32169dbc6c43f045cb5073e6e94c","deviceName":"8BitDo Micro gamepad","flags":0,"keyCode":109,"uid":"57c38767-dd8e-4a29-b19d-b5b8eddd75e6"}],"mode":2},"uid":"33026232-ac5c-40a8-a2d5-a0b0b293b65f"},{"actionList":[{"data":"volume_up","extras":[],"flags":4,"type":"SYSTEM_ACTION","uid":"223b65bb-6b5c-4e16-8bf9-80dec3685a05"}],"constraintList":[],"constraintMode":1,"flags":0,"group_uid":"bc966dec-2c70-4c9c-a81d-1bef3e137e84","id":6,"isEnabled":true,"trigger":{"extras":[],"flags":0,"keys":[{"clickType":0,"deviceId":"841e5cb9c21c32169dbc6c43f045cb5073e6e94c","deviceName":"8BitDo Micro gamepad","flags":0,"keyCode":108,"uid":"61cb2cf3-dfa2-4a35-8f8a-222bdad433ac"}],"mode":2},"uid":"593a4f53-b2dd-4638-bb77-adfd125d4371"},{"actionList":[{"data":"rewind","extras":[],"flags":4,"type":"SYSTEM_ACTION","uid":"415f2eba-e705-4186-90b0-8c3b4d9cbb84"}],"constraintList":[],"constraintMode":1,"flags":0,"group_uid":"bc966dec-2c70-4c9c-a81d-1bef3e137e84","id":7,"isEnabled":true,"trigger":{"extras":[],"flags":0,"keys":[{"clickType":1,"deviceId":"841e5cb9c21c32169dbc6c43f045cb5073e6e94c","deviceName":"8BitDo Micro gamepad","flags":0,"keyCode":102,"uid":"ef05f1e9-5d7a-4be2-abd7-88783c78f6ca"}],"mode":2},"uid":"571e8d08-968d-4c07-85b6-df1c71648d67"},{"actionList":[{"data":"fast_forward","extras":[],"flags":4,"type":"SYSTEM_ACTION","uid":"83ecf8ba-2af4-4dd7-b0cd-58f47e9d9240"}],"constraintList":[],"constraintMode":1,"flags":0,"group_uid":"bc966dec-2c70-4c9c-a81d-1bef3e137e84","id":8,"isEnabled":true,"trigger":{"extras":[],"flags":0,"keys":[{"clickType":1,"deviceId":"841e5cb9c21c32169dbc6c43f045cb5073e6e94c","deviceName":"8BitDo Micro gamepad","flags":0,"keyCode":103,"uid":"250bc4c1-816b-4a0e-b6e5-4c12d6fd7a2a"}],"mode":2},"uid":"4fa0abf1-a3ce-45db-ae94-d45241483084"},{"actionList":[{"data":"#Intent;action\u003dcom.maxmpz.audioplayer.API_COMMAND;package\u003dcom.maxmpz.audioplayer;S.cmd\u003dSEEK_JUMP_BACKWARD;end","extras":[{"data":"Jump Backward","id":"extra_intent_description"},{"data":"BROADCAST_RECEIVER","id":"extra_intent_target"},{"data":"[{\"type\":{\"type\":\"io.github.sds100.keymapper.system.intents.StringExtraType\"},\"name\":\"cmd\",\"value\":\"SEEK_JUMP_BACKWARD\",\"uid\":\"1703bbbc-c8aa-422e-8b6b-de1cacf8b440\"}]","id":"extra_intent_extras"}],"flags":0,"type":"INTENT","uid":"b1a017ad-95d6-4862-9416-ef2efec3eb18"}],"constraintList":[],"constraintMode":1,"flags":0,"group_uid":"bc966dec-2c70-4c9c-a81d-1bef3e137e84","id":9,"isEnabled":true,"trigger":{"extras":[],"flags":0,"keys":[{"clickType":0,"deviceId":"841e5cb9c21c32169dbc6c43f045cb5073e6e94c","deviceName":"8BitDo Micro gamepad","flags":0,"keyCode":102,"uid":"3a38db36-2b71-496b-ae90-537be8901b71"},{"clickType":0,"deviceId":"841e5cb9c21c32169dbc6c43f045cb5073e6e94c","deviceName":"8BitDo Micro gamepad","flags":0,"keyCode":102,"uid":"c036fc43-58f9-42da-9527-78b1f1d43c1f"}],"mode":1},"uid":"f9d89065-c22b-4a75-9399-011c0619d1c6"},{"actionList":[{"data":"#Intent;action\u003dcom.maxmpz.audioplayer.API_COMMAND;package\u003dcom.maxmpz.audioplayer;S.cmd\u003dSEEK_JUMP_FORWARD;end","extras":[{"data":"Jump Forward","id":"extra_intent_description"},{"data":"BROADCAST_RECEIVER","id":"extra_intent_target"},{"data":"[{\"type\":{\"type\":\"io.github.sds100.keymapper.system.intents.StringExtraType\"},\"name\":\"cmd\",\"value\":\"SEEK_JUMP_FORWARD\",\"uid\":\"ba6b7313-b1fe-4a5e-a226-b640b8404c9e\"}]","id":"extra_intent_extras"}],"flags":0,"type":"INTENT","uid":"d0d0c418-e57f-4edd-b5fd-c28b6cde0e54"}],"constraintList":[],"constraintMode":1,"flags":0,"group_uid":"bc966dec-2c70-4c9c-a81d-1bef3e137e84","id":10,"isEnabled":true,"trigger":{"extras":[],"flags":0,"keys":[{"clickType":0,"deviceId":"841e5cb9c21c32169dbc6c43f045cb5073e6e94c","deviceName":"8BitDo Micro gamepad","flags":0,"keyCode":103,"uid":"b10c5fbb-71c0-4374-8470-b2b20d302c85"},{"clickType":0,"deviceId":"841e5cb9c21c32169dbc6c43f045cb5073e6e94c","deviceName":"8BitDo Micro gamepad","flags":0,"keyCode":103,"uid":"e88cfb8b-a7fa-4393-aa3b-7604d595b28c"}],"mode":1},"uid":"f61b88f1-d8d1-41d0-a895-0b7816e7477f"},{"actionList":[{"data":"#Intent;action\u003dcom.maxmpz.audioplayer.API_COMMAND;package\u003dcom.maxmpz.audioplayer;i.rating\u003d4;S.cmd\u003dSET_RATING;end","extras":[{"data":"Send rating commands to poweranp","id":"extra_intent_description"},{"data":"BROADCAST_RECEIVER","id":"extra_intent_target"},{"data":"[{\"type\":{\"type\":\"io.github.sds100.keymapper.system.intents.StringExtraType\"},\"name\":\"cmd\",\"value\":\"SET_RATING\",\"uid\":\"a4ba5dc3-1aa2-457e-88ad-37a0f884d250\"},{\"type\":{\"type\":\"io.github.sds100.keymapper.system.intents.IntExtraType\"},\"name\":\"rating\",\"value\":\"4\",\"uid\":\"0672ad0c-c6bd-4dfe-926a-cd34bf8aff8f\"}]","id":"extra_intent_extras"}],"flags":0,"type":"INTENT","uid":"952fbbac-18ff-4ba9-a61c-05a3def225ba"}],"constraintList":[],"constraintMode":1,"flags":0,"group_uid":"bc966dec-2c70-4c9c-a81d-1bef3e137e84","id":11,"isEnabled":true,"trigger":{"extras":[],"flags":0,"keys":[{"clickType":2,"deviceId":"841e5cb9c21c32169dbc6c43f045cb5073e6e94c","deviceName":"8BitDo Micro gamepad","flags":0,"keyCode":99,"uid":"51a03721-341b-4e2e-adef-f16c229ac165"}],"mode":2},"uid":"6fcbb9d6-4180-4870-bc0e-6f930abe005b"},{"actionList":[{"data":"#Intent;action\u003dcom.maxmpz.audioplayer.API_COMMAND;package\u003dcom.maxmpz.audioplayer;i.rating\u003d1;S.cmd\u003dSET_RATING;end","extras":[{"data":"Dislike","id":"extra_intent_description"},{"data":"BROADCAST_RECEIVER","id":"extra_intent_target"},{"data":"[{\"type\":{\"type\":\"io.github.sds100.keymapper.system.intents.StringExtraType\"},\"name\":\"cmd\",\"value\":\"SET_RATING\",\"uid\":\"fa3050dc-f1cd-4163-baf4-dd4f3830c116\"},{\"type\":{\"type\":\"io.github.sds100.keymapper.system.intents.IntExtraType\"},\"name\":\"rating\",\"value\":\"1\",\"uid\":\"5d7a471f-365f-4ec3-8831-311c3a95a27c\"}]","id":"extra_intent_extras"}],"flags":4,"type":"INTENT","uid":"4bff074e-6a3f-4da5-a3e9-490ce5ebf4a5"}],"constraintList":[],"constraintMode":1,"flags":0,"group_uid":"bc966dec-2c70-4c9c-a81d-1bef3e137e84","id":12,"isEnabled":true,"trigger":{"extras":[],"flags":0,"keys":[{"clickType":1,"deviceId":"841e5cb9c21c32169dbc6c43f045cb5073e6e94c","deviceName":"8BitDo Micro gamepad","flags":0,"keyCode":97,"uid":"efb5f136-4e37-41e6-9dba-546a9de0137b"}],"mode":2},"uid":"61acb704-63a2-47e2-bf73-fde613c2a48a"},{"actionList":[{"data":"#Intent;action\u003dcom.maxmpz.audioplayer.API_COMMAND;package\u003dcom.maxmpz.audioplayer;i.rating\u003d5;S.cmd\u003dSET_RATING;end","extras":[{"data":"Send rating commands to poweranp","id":"extra_intent_description"},{"data":"BROADCAST_RECEIVER","id":"extra_intent_target"},{"data":"[{\"type\":{\"type\":\"io.github.sds100.keymapper.system.intents.StringExtraType\"},\"name\":\"cmd\",\"value\":\"SET_RATING\",\"uid\":\"a4ba5dc3-1aa2-457e-88ad-37a0f884d250\"},{\"type\":{\"type\":\"io.github.sds100.keymapper.system.intents.IntExtraType\"},\"name\":\"rating\",\"value\":\"5\",\"uid\":\"0672ad0c-c6bd-4dfe-926a-cd34bf8aff8f\"}]","id":"extra_intent_extras"}],"flags":4,"type":"INTENT","uid":"952fbbac-18ff-4ba9-a61c-05a3def225ba"}],"constraintList":[],"constraintMode":1,"flags":0,"group_uid":"bc966dec-2c70-4c9c-a81d-1bef3e137e84","id":13,"isEnabled":true,"trigger":{"extras":[],"flags":0,"keys":[{"clickType":1,"deviceId":"841e5cb9c21c32169dbc6c43f045cb5073e6e94c","deviceName":"8BitDo Micro gamepad","flags":0,"keyCode":99,"uid":"51a03721-341b-4e2e-adef-f16c229ac165"}],"mode":2},"uid":"9baddf6b-6a6c-4e4c-88cd-456fa3a5c9ca"},{"actionList":[{"data":"#Intent;action\u003dcom.maxmpz.audioplayer.API_COMMAND;package\u003dcom.maxmpz.audioplayer;i.rating\u003d1;S.cmd\u003dSET_RATING;end","extras":[{"data":"Dislike","id":"extra_intent_description"},{"data":"BROADCAST_RECEIVER","id":"extra_intent_target"},{"data":"[{\"type\":{\"type\":\"io.github.sds100.keymapper.system.intents.StringExtraType\"},\"name\":\"cmd\",\"value\":\"SET_RATING\",\"uid\":\"fa3050dc-f1cd-4163-baf4-dd4f3830c116\"},{\"type\":{\"type\":\"io.github.sds100.keymapper.system.intents.IntExtraType\"},\"name\":\"rating\",\"value\":\"1\",\"uid\":\"5d7a471f-365f-4ec3-8831-311c3a95a27c\"}]","id":"extra_intent_extras"}],"flags":4,"type":"INTENT","uid":"4bff074e-6a3f-4da5-a3e9-490ce5ebf4a5"}],"constraintList":[],"constraintMode":1,"flags":0,"group_uid":"bc966dec-2c70-4c9c-a81d-1bef3e137e84","id":14,"isEnabled":true,"trigger":{"extras":[],"flags":0,"keys":[{"clickType":0,"deviceId":"841e5cb9c21c32169dbc6c43f045cb5073e6e94c","deviceName":"8BitDo Micro gamepad","flags":0,"keyCode":97,"uid":"efb5f136-4e37-41e6-9dba-546a9de0137b"}],"mode":2},"uid":"111e2d6c-9dbf-40dc-b7d4-8f6b803d0c09"},{"actionList":[{"data":"191,2124","extras":[{"data":"Like","id":"extra_coordinate_description"}],"flags":0,"type":"TAP_COORDINATE","uid":"d0109ed2-2fed-45f5-96bc-70ea899e6762"}],"constraintList":[{"extras":[{"data":"com.google.android.apps.youtube.music","id":"extra_package_name"}],"type":"constraint_app_foreground","uid":"46988efb-c299-4b3f-8e93-2e42d1883b0d"}],"constraintMode":1,"flags":0,"group_uid":"7311b900-fc74-47da-8421-54376b259375","id":15,"isEnabled":true,"trigger":{"extras":[],"flags":0,"keys":[{"clickType":1,"deviceId":"841e5cb9c21c32169dbc6c43f045cb5073e6e94c","deviceName":"8BitDo Micro gamepad","flags":0,"keyCode":99,"uid":"73d4a1be-d1f5-4356-8ed3-83666a963d39"}],"mode":2},"uid":"df2a05c3-4ef1-4608-8d38-75a40b58b474"},{"actionList":[{"data":"508,2118","extras":[{"data":"Dislike","id":"extra_coordinate_description"}],"flags":0,"type":"TAP_COORDINATE","uid":"d003e646-8250-4357-801c-8916ce33f42d"}],"constraintList":[{"extras":[{"data":"com.google.android.apps.youtube.music","id":"extra_package_name"}],"type":"constraint_app_foreground","uid":"46988efb-c299-4b3f-8e93-2e42d1883b0d"}],"constraintMode":1,"flags":0,"group_uid":"7311b900-fc74-47da-8421-54376b259375","id":16,"isEnabled":true,"trigger":{"extras":[],"flags":0,"keys":[{"clickType":1,"deviceId":"841e5cb9c21c32169dbc6c43f045cb5073e6e94c","deviceName":"8BitDo Micro gamepad","flags":0,"keyCode":97,"uid":"7e6d8ae3-a37a-4451-a544-bd0e7cc417ab"}],"mode":2},"uid":"edae14d8-8a6b-4b33-a736-badcde2145ab"},{"actionList":[{"data":"fast_forward","extras":[],"flags":0,"type":"SYSTEM_ACTION","uid":"bb578c11-0027-4129-a240-31cbf82d646f"}],"constraintList":[{"extras":[{"data":"com.google.android.apps.youtube.music","id":"extra_package_name"}],"type":"constraint_app_foreground","uid":"46988efb-c299-4b3f-8e93-2e42d1883b0d"}],"constraintMode":1,"flags":0,"group_uid":"7311b900-fc74-47da-8421-54376b259375","id":17,"isEnabled":true,"trigger":{"extras":[],"flags":0,"keys":[{"clickType":1,"deviceId":"841e5cb9c21c32169dbc6c43f045cb5073e6e94c","deviceName":"8BitDo Micro gamepad","flags":0,"keyCode":103,"uid":"f0e300f0-cc26-4a99-990f-6653fb462c5c"}],"mode":2},"uid":"5fc9d24c-2d75-4d99-bfd5-4bd67bbe8f1f"},{"actionList":[{"data":"step_forward","extras":[],"flags":0,"type":"SYSTEM_ACTION","uid":"b81fef8b-8882-4487-bc0c-de763d6344f8"}],"constraintList":[{"extras":[{"data":"com.google.android.apps.youtube.music","id":"extra_package_name"}],"type":"constraint_app_foreground","uid":"46988efb-c299-4b3f-8e93-2e42d1883b0d"}],"constraintMode":1,"flags":0,"group_uid":"7311b900-fc74-47da-8421-54376b259375","id":18,"isEnabled":true,"trigger":{"extras":[],"flags":0,"keys":[{"clickType":0,"deviceId":"841e5cb9c21c32169dbc6c43f045cb5073e6e94c","deviceName":"8BitDo Micro gamepad","flags":0,"keyCode":103,"uid":"e2e06ecc-d509-45df-9a47-7bec5a6503f4"},{"clickType":0,"deviceId":"841e5cb9c21c32169dbc6c43f045cb5073e6e94c","deviceName":"8BitDo Micro gamepad","flags":0,"keyCode":103,"uid":"3b75b476-dc43-4336-b323-039e0a4f32f6"}],"mode":1},"uid":"1f178cc8-451a-44b8-b27b-835ed02e04d0"},{"actionList":[{"data":"next_track","extras":[],"flags":0,"type":"SYSTEM_ACTION","uid":"cf92f27d-b491-4527-a4b5-a38d3ca82a25"}],"constraintList":[{"extras":[{"data":"com.google.android.apps.youtube.music","id":"extra_package_name"}],"type":"constraint_app_foreground","uid":"46988efb-c299-4b3f-8e93-2e42d1883b0d"}],"constraintMode":1,"flags":0,"group_uid":"7311b900-fc74-47da-8421-54376b259375","id":19,"isEnabled":true,"trigger":{"extras":[],"flags":0,"keys":[{"clickType":0,"deviceId":"841e5cb9c21c32169dbc6c43f045cb5073e6e94c","deviceName":"8BitDo Micro gamepad","flags":0,"keyCode":105,"uid":"f515daa0-05a6-4532-bbf8-fd6d85c7b0cb"},{"clickType":0,"deviceId":"841e5cb9c21c32169dbc6c43f045cb5073e6e94c","deviceName":"8BitDo Micro gamepad","flags":0,"keyCode":105,"uid":"be7dbe43-0aa7-4b48-8cb8-1d24bb4f3ef5"}],"mode":1},"uid":"e5006070-1301-43be-8ec1-57595fc1ee92"},{"actionList":[{"data":"previous_track","extras":[],"flags":0,"type":"SYSTEM_ACTION","uid":"b3d1a4e1-c9f3-4843-b19a-afc223deab21"}],"constraintList":[{"extras":[{"data":"com.google.android.apps.youtube.music","id":"extra_package_name"}],"type":"constraint_app_foreground","uid":"46988efb-c299-4b3f-8e93-2e42d1883b0d"}],"constraintMode":1,"flags":0,"group_uid":"7311b900-fc74-47da-8421-54376b259375","id":20,"isEnabled":true,"trigger":{"extras":[],"flags":0,"keys":[{"clickType":0,"deviceId":"841e5cb9c21c32169dbc6c43f045cb5073e6e94c","deviceName":"8BitDo Micro gamepad","flags":0,"keyCode":104,"uid":"a95294cc-3e6c-4122-84a8-5e6a51673329"},{"clickType":0,"deviceId":"841e5cb9c21c32169dbc6c43f045cb5073e6e94c","deviceName":"8BitDo Micro gamepad","flags":0,"keyCode":104,"uid":"99d6787d-fbb1-475a-b31a-12ad79543e9a"}],"mode":1},"uid":"62724b2f-e770-4981-b1f2-3cd1622ad3d7"},{"actionList":[{"data":"926,2031","extras":[{"data":"Like","id":"extra_coordinate_description"}],"flags":0,"type":"TAP_COORDINATE","uid":"ee48fc2a-71a5-4768-8874-b9a73685d59a"}],"constraintList":[{"extras":[{"data":"com.aspiro.tidal","id":"extra_package_name"}],"type":"constraint_app_foreground","uid":"b122b149-44cf-4388-94cc-89873419a33f"}],"constraintMode":1,"flags":0,"group_uid":"07db3253-bd76-40e1-866c-14098e06b271","id":21,"isEnabled":true,"trigger":{"extras":[],"flags":0,"keys":[{"clickType":2,"deviceId":"841e5cb9c21c32169dbc6c43f045cb5073e6e94c","deviceName":"8BitDo Micro gamepad","flags":0,"keyCode":99,"uid":"568b8cd0-3af1-4bc6-8272-33e8c1d8f7dd"}],"mode":2},"uid":"ee5144b7-dd3f-4113-9182-9d6a8f720c79"},{"actionList":[{"data":"191,2124","extras":[{"data":"Like","id":"extra_coordinate_description"}],"flags":0,"type":"TAP_COORDINATE","uid":"d0109ed2-2fed-45f5-96bc-70ea899e6762"}],"constraintList":[{"extras":[{"data":"com.google.android.apps.youtube.music","id":"extra_package_name"}],"type":"constraint_app_foreground","uid":"46988efb-c299-4b3f-8e93-2e42d1883b0d"}],"constraintMode":1,"flags":0,"group_uid":"7311b900-fc74-47da-8421-54376b259375","id":22,"isEnabled":true,"trigger":{"extras":[],"flags":0,"keys":[{"clickType":2,"deviceId":"841e5cb9c21c32169dbc6c43f045cb5073e6e94c","deviceName":"8BitDo Micro gamepad","flags":0,"keyCode":99,"uid":"73d4a1be-d1f5-4356-8ed3-83666a963d39"}],"mode":2},"uid":"2d38f291-eb0e-449b-b157-b2b296ec7c06"},{"actionList":[{"data":"508,2118","extras":[{"data":"Dislike","id":"extra_coordinate_description"}],"flags":0,"type":"TAP_COORDINATE","uid":"d003e646-8250-4357-801c-8916ce33f42d"}],"constraintList":[{"extras":[{"data":"com.google.android.apps.youtube.music","id":"extra_package_name"}],"type":"constraint_app_foreground","uid":"46988efb-c299-4b3f-8e93-2e42d1883b0d"}],"constraintMode":1,"flags":0,"group_uid":"7311b900-fc74-47da-8421-54376b259375","id":23,"isEnabled":true,"trigger":{"extras":[],"flags":0,"keys":[{"clickType":2,"deviceId":"841e5cb9c21c32169dbc6c43f045cb5073e6e94c","deviceName":"8BitDo Micro gamepad","flags":0,"keyCode":97,"uid":"7e6d8ae3-a37a-4451-a544-bd0e7cc417ab"}],"mode":2},"uid":"c826279d-2b33-410c-a1a4-d0d845b99b08"},{"actionList":[{"data":"com.google.android.apps.googleassistant","extras":[],"flags":0,"type":"APP","uid":"e767f0e1-82a0-4bec-967d-43ece9be67e5"}],"constraintList":[],"constraintMode":1,"flags":0,"group_uid":"487d014f-4b6f-466b-aa0d-d8401c4e6c16","id":24,"isEnabled":true,"trigger":{"extras":[],"flags":0,"keys":[{"clickType":2,"deviceId":"841e5cb9c21c32169dbc6c43f045cb5073e6e94c","deviceName":"8BitDo Micro gamepad","flags":0,"keyCode":100,"uid":"66222ef5-a13e-4992-b393-4fcc08ffd767"}],"mode":2},"uid":"e7868239-ac16-4e9f-8873-d0913268c8f7"}],"groups":[{"constraints":[],"constraint_mode":1,"last_opened_date":1750522868841,"name":"Poweramp","uid":"bc966dec-2c70-4c9c-a81d-1bef3e137e84"},{"constraints":[],"constraint_mode":1,"last_opened_date":1750582208956,"name":"Youtube Music","uid":"7311b900-fc74-47da-8421-54376b259375"},{"constraints":[],"constraint_mode":1,"last_opened_date":1750581103360,"name":"Tidal","uid":"07db3253-bd76-40e1-866c-14098e06b271"},{"constraints":[],"constraint_mode":1,"last_opened_date":1750582440069,"name":"General","uid":"487d014f-4b6f-466b-aa0d-d8401c4e6c16"}]}